PLAYER,talent_tier,overall_talent,talent_percentile,fit_tournament,value_score,sleeper_reason,world_rank,overall_uncertainty
Luke List,C,0.030237058080808107,64.02877697841727,0.22297981196610464,0.6923086399193784,Low hype (WR 372) | C-tier upside,372.0,0.19439551151965906
Alex Smalley,B,0.09435258697591434,80.2158273381295,0.21005220675160313,0.5424228288240752,Low hype (WR 120) | B-tier upside,120.0,0.19116219859862402
Gary Woodland,B,0.052321045506612554,70.50359712230215,0.2696753129802647,0.5401348249330515,Low hype (WR 121) | B-tier upside,121.0,0.19586776934399214
Cam Davis,B,0.08213165266106441,77.6978417266187,0.21474560087392092,0.5363635755771821,Low hype (WR 124) | B-tier upside,124.0,0.19559218420225383
